Peripheral;DNDM;Human Readable Name
LL1;WXLLxLL1:Sensor.ATMGVClosedVLV_NOT.ODT_1.DNDMxDEF:VARIABLE_POOL;Loadlock 1 atmospheric gate closed signal
LL1;WXLLxLL1:Sensor.ATMGVClosedVLV_NOT.DV.E_TRACE_VALUE_OUT.DNDMxDEF:VARIABLE_POOL;Loadlock 1 atmospheric gate closed signal
LL1;WXLLxLL1:Sensor.ATMGVOpenVLV_NOT.ODT_1.DNDMxDEF:VARIABLE_POOL;Loadlock 1 atmospheric gate open signal
LL1;WXLLxLL1:Sensor.ATMGVOpenVLV_NOT.DV.E_TRACE_VALUE_OUT.DNDMxDEF:VARIABLE_POOL;Loadlock 1 atmospheric gate open signal
LL1;WXLLxLL1:Sensor.VACGVClosedVLV.ODT_1.DNDMxDEF:VARIABLE_POOL;Loadlock 1 vacuum gate closed signal
LL1;WXLLxLL1:Sensor.VACGVClosedVLV.DV.E_TRACE_VALUE_OUT.DNDMxDEF:VARIABLE_POOL;Loadlock 1 vacuum gate closed signal
LL1;WXLLxLL1:Sensor.VACGVOpenVLV.ODT_1.DNDMxDEF:VARIABLE_POOL;Loadlock 1 vacuum gate open signal
LL1;WXLLxLL1:Sensor.VACGVOpenVLV.DV.E_TRACE_VALUE_OUT.DNDMxDEF:VARIABLE_POOL;Loadlock 1 vacuum gate open signal
LL1;CG_wafhnd:WH_SIOB.ET_AIS_COMP.85.VALUE_OUT.DNDMxDEF:VARIABLE_POOL;Loadlock 1 vacuum gate open analog value
LL1;CG_wafhnd:WH_SIOB.ET_AIS_COMP.86.VALUE_OUT.DNDMxDEF:VARIABLE_POOL;Loadlock 1 vacuum gate closed analog value
LL1;CG_wafhnd:WH_SIOB.ET_AIS_COMP.83.VALUE_OUT.DNDMxDEF:VARIABLE_POOL;Loadlock 1 atmospheric gate open analog value
LL1;CG_wafhnd:WH_SIOB.ET_AIS_COMP.84.VALUE_OUT.DNDMxDEF:VARIABLE_POOL;Loadlock 1 atmospheric gate closed analog value
LL1;DV_wafhnd:WH_LL1_VLV_GTVAC@M_TRACE_SET_OUTPUT.DNDMxDEF:VARIABLE_POOL;Loadlock 1 vacuum gate open/close command signal
LL1;DV_wafhnd:WH_LL1_VLV_GTVAC@DEVICE_SET_E_TRACE_RAW_CHANNEL_SET.DNDMxDEF:VARIABLE_POOL;Loadlock 1 vacuum gate open/close command signal
LL1;DV_wafhnd:WH_LL1_VLV_GTATM@M_TRACE_SET_OUTPUT.DNDMxDEF:VARIABLE_POOL;Loadlock 1 atmospheric gate open/close command signal
LL1;WXLLxLL1:Sensor.MainPumpClosedVLV_NOT.ODT_1.DNDMxDEF:VARIABLE_POOL;Loadlock 1 main pump valve closed signal
LL1;WXLLxLL1:Sensor.MainPumpOpenVLV_NOT.ODT_1.DNDMxDEF:VARIABLE_POOL;Loadlock 1 main pump valve open signal
LL1;WXLLxLL1:Sensor.SoftStartPumpClosedVLV_NOT.ODT_1.DNDMxDEF:VARIABLE_POOL;Loadlock 1 start pump valve closed signal
LL1;WXLLxLL1:Sensor.SoftStartPumpOpenVLV_NOT.ODT_1.DNDMxDEF:VARIABLE_POOL;Loadlock 1 start pump valve open signal
LL1;CG_wafhnd:WH_SIOB.ET_AIS_COMP.92.VALUE_OUT.DNDMxDEF:VARIABLE_POOL;Loadlock 1 main pump valve open analog value 
LL1;CG_wafhnd:WH_SIOB.ET_AIS_COMP.93.VALUE_OUT.DNDMxDEF:VARIABLE_POOL;Loadlock 1 main pump valve closed analog value
LL1;CG_wafhnd:WH_SIOB.ET_AIS_COMP.94.VALUE_OUT.DNDMxDEF:VARIABLE_POOL;Loadlock 1 start pump valve open analog value
LL1;CG_wafhnd:WH_SIOB.ET_AIS_COMP.95.VALUE_OUT.DNDMxDEF:VARIABLE_POOL;Loadlock 1 start pump valve closed analog value
LL1;DV_wafhnd:WH_LL1_VLV_PMPSTRT@M_TRACE_VALUE_OUT.DNDMxDEF:VARIABLE_POOL;Loadlock 1 start pump valve command signal
LL1;DV_wafhnd:WH_LL1_VLV_PMPMAIN@M_TRACE_VALUE_OUT.DNDMxDEF:VARIABLE_POOL;Loadlock 1 main pump valve command signal
LL1;WXLLxLL1:Sensor.SoftEndVentVLV_NOT.ODT_1.DNDMxDEF:VARIABLE_POOL;Loadlock 1 soft end vent valve open signal
LL1;WXLLxLL1:Sensor.MainVentVLV_NOT.ODT_1.DNDMxDEF:VARIABLE_POOL;Loadlock 1 main vent valve open signal
LL1;WXLLxLL1:Sensor.SoftStartVentVLV_NOT.ODT_1.DNDMxDEF:VARIABLE_POOL;Loadlock 1 soft start vent valve open signal 
LL1;WXLLxLL1:Sensor.EqualizationVLV_NOT.ODT_1.DNDMxDEF:VARIABLE_POOL;Loadlock 1 pressure equalization valve open signal
LL1;DV_wafhnd:WH_LL_PURGE_OPEN_POS@M_OUTPUT.DNDMxDEF:VARIABLE_POOL;Loadlock 1 purge valve open analog value
LL1;DV_wafhnd:WH_LL1_ATM_EQ_VLV@M_TRACE_VALUE_OUT.DNDMxDEF:VARIABLE_POOL;Loadlock 1 pressure equalization valve open command
LL1;DV_wafhnd:WH_LL1_VLV_VENTEND@M_TRACE_VALUE_OUT.DNDMxDEF:VARIABLE_POOL;Loadlock 1 soft end vent valve open command
LL1;DV_wafhnd:WH_LL1_VLV_VENTSTRT@M_TRACE_VALUE_OUT.DNDMxDEF:VARIABLE_POOL;Loadlock 1 soft start vent valve open command 
LL1;DV_wafhnd:WH_LL1_VLV_VENTMAIN@M_TRACE_VALUE_OUT.DNDMxDEF:VARIABLE_POOL;Loadlock 1 main vent valve open command
LL1;WXDNxVWH:Sensor.LL1.WH_LL1_TOP_WPRST_LSEN.DV.M_OUTPUT.DNDMxDEF:VARIABLE_POOL;Loadlock 1 wafer present optical signal Top
LL1;WXDNxVWH:Sensor.LL1.WH_LL1_TOP_WPRST_LSEN.DV.E_TRACE_VALUE_OUT.DNDMxDEF:VARIABLE_POOL ;Loadlock 1 wafer present optical signal Top
LL1;WXDNxVWH:Sensor.LL1.WH_LL1_BOT_WPRST_LSEN.DV.M_OUTPUT.DNDMxDEF:VARIABLE_POOL;Loadlock 1 wafer present optical signal Bottom
LL1;WXDNxVWH:Sensor.LL1.WH_LL1_BOT_WPRST_LSEN.DV.E_TRACE_VALUE_OUT.DNDMxDEF:VARIABLE_POOL;Loadlock 1 wafer present optical signal Bottom
LL1;WXDNxVWH:Sensor.LL1.WH_LL1_WPOS_1_LSEN.DV.M_OUTPUT.DNDMxDEF:VARIABLE_POOL;Loadlock 1 wafer placed correctly optical 1 signal
LL1;WXDNxVWH:Sensor.LL1.WH_LL1_WPOS_1_LSEN.DV.E_TRACE_VALUE_OUT.DNDMxDEF:VARIABLE_POOL;Loadlock 1 wafer placed correctly optical 1 signal
LL1;WXDNxVWH:Sensor.LL1.WH_LL1_WPOS_2_LSEN.DV.M_OUTPUT.DNDMxDEF:VARIABLE_POOL;Loadlock 1 wafer placed correctly optical 2 signal
LL1;WXDNxVWH:Sensor.LL1.WH_LL1_WPOS_2_LSEN.DV.E_TRACE_VALUE_OUT.DNDMxDEF:VARIABLE_POOL;Loadlock 1 wafer placed correctly optical 2 signal
LL1;WXDNxVWH:Sensor.LL1.WH_LL1_WPOS_3_LSEN.DV.M_OUTPUT.DNDMxDEF:VARIABLE_POOL;Loadlock 1 wafer placed correctly optical 3 signal
LL1;WXDNxVWH:Sensor.LL1.WH_LL1_WPOS_3_LSEN.DV.E_TRACE_VALUE_OUT.DNDMxDEF:VARIABLE_POOL;Loadlock 1 wafer placed correctly optical 3 signal
LL1;WXDNxVWH:Sensor.LL.WH_LL_R_PHI_CALIB_AXR_LSEN.DV.M_OUTPUT.DNDMxDEF:VARIABLE_POOL;Loadlock 1 atmospheric robot gripper detected signal
LL1;WXDNxVWH:Sensor.LL.WH_LL_R_PHI_CALIB_AXR_LSEN.DV.E_TRACE_VALUE_OUT.DNDMxDEF:VARIABLE_POOL;Loadlock 1 atmospheric robot gripper detected signal
LL1;WXDNxVWH:Sensor.LL.WH_LL_POS_SURZHEIGHT.DV.M_OUTPUT.DNDMxDEF:VARIABLE_POOL;Loadlocks SUR Z height sensor signal
LL1;WXDNxVWH:Sensor.LL.WH_LL_POS_SURZHEIGHT.DV.E_TRACE_VALUE_OUT.DNDMxDEF:VARIABLE_POOL;Loadlocks SUR Z height sensor signal
LL1;WXDNxVWH:Sensor.LL1.WH_LL1_TMP_WATERTS_OUT_N.DV.M_OUTPUT.DNDMxDEF:VARIABLE_POOL;Loadlocks water in temperature signal (Thermal shield LL1)
LL1;WXDNxVWH:Sensor.LL1.WH_LL1_TMP_WATERTS_OUT_N.DV.E_TRACE_VALUE_OUT.DNDMxDEF:VARIABLE_POOL;Loadlocks water in temperature signal (Thermal shield LL1)
LL1;WXDNxVWH:Sensor.WE_GEN.WH_CT_PRS_CDA.DV.M_OUTPUT.DNDMxDEF:VARIABLE_POOL;CDA supply pressure 
LL1;WXDNxVWH:Sensor.WE_GEN.WH_CT_PRS_CDA.DV.E_TRACE_VALUE_OUT.DNDMxDEF:VARIABLE_POOL;CDA supply pressure 
LL1;WXDNxVWH:Sensor.WE_GEN.WH_CT_PRS_N2.DV.M_OUTPUT.DNDMxDEF:VARIABLE_POOL;Nitrogen supply pressure
LL1;WXDNxVWH:Sensor.WE_GEN.WH_CT_PRS_N2.DV.E_TRACE_VALUE_OUT.DNDMxDEF:VARIABLE_POOL;Nitrogen supply pressure
LL1;DV_wafhnd:WH_LL_XCDA_PRS@M_OUTPUT.DNDMxDEF:VARIABLE_POOL;XCDA supply pressure
LL1;WXDNxVWH:Sensor.LL.WH_LL_PMP1_STAT_ALARM.DV.M_OUTPUT.DNDMxDEF:VARIABLE_POOL;Loadlocks pump alarm signal
LL1;WXDNxVWH:Sensor.LL.WH_LL_PMP1_STAT_ALARM.DV.E_TRACE_VALUE_OUT.DNDMxDEF:VARIABLE_POOL;Loadlocks pump alarm signal
LL1;WXDNxVWH:Sensor.LL.WH_LL_PMP1_STAT_RUN.DV.M_OUTPUT.DNDMxDEF:VARIABLE_POOL;Loadlocks pump run signal
LL1;WXDNxVWH:Sensor.LL.WH_LL_PMP1_STAT_RUN.DV.E_TRACE_VALUE_OUT.DNDMxDEF:VARIABLE_POOL;Loadlocks pump run signal
LL1;WXDNxVWH:Sensor.LL.WH_LL_PMP1_N_TMP.DV.M_OUTPUT.DNDMxDEF:VARIABLE_POOL;Loadlocks pump temperature signal
LL1;WXDNxVWH:Sensor.LL.WH_LL_PMP1_N_TMP.DV.E_TRACE_VALUE_OUT.DNDMxDEF:VARIABLE_POOL;Loadlocks pump temperature signal
LL1;DV_wafhnd:WH_LL_EN_SURZHEIGHT@M_TRACE_VALUE_OUT.DNDMxDEF:VARIABLE_POOL;Loadlocks SUR Z height sensor on command
LL1;WXLLxLL1:Sensor.PresAbsolute.ODT_1.DNDMxDEF:VARIABLE_POOL;Loadlock 1 absolute pressure signal
LL1;WXLLxLL1:Sensor.PresRelative.ODT_1.DNDMxDEF:VARIABLE_POOL;Loadlock 1 relative pressure signal
LL1;WXLLxLL1:MeasSys.PV.PredPresCalc.PredPres.ODT_OUT.DNDMxDEF:VARIABLE_POOL;Loadlock 1 predicted pressure
LL1;DV_wafhnd:WH_LL_EN_SURZHEIGHT_ATM_RPHI@M_TRACE_VALUE_OUT.DNDMxDEF:VARIABLE_POOL;Enable sensor for calibrating Z-height SUR signal
LL1;DV_wafhnd:WH_LL_EN_ATM_RPHI_CALIB@M_TRACE_VALUE_OUT.DNDMxDEF:VARIABLE_POOL;Enable the RPhi calibration sensor signal
LL1;DV_wafhnd:WH_LL1_TMP_WATERTS_OUT_DIAGN@M_OUTPUT.DNDMxDEF:VARIABLE_POOL;Diagnostic input for temperature sensor signal
SUR;WXRBxIVR2:MeasSys.IvrInverseKinematics.ODT_POS_PHI.DNDMxDEF:VARIABLE_POOL;SUR measured Phi position
SUR;WXRBxIVR2:MeasSys.IvrInverseKinematics.ODT_POS_R.DNDMxDEF:VARIABLE_POOL;SUR measured R position
SUR;WXRBxIVR2:MeasSys.PosArmZCorr.ODT_1.DNDMxDEF:VARIABLE_POOL;SUR measured Z position
SUR;WXRBxIVR2:Spg.IvrKinematics.PosDelayPhi.ODT_OUT.DNDMxDEF:VARIABLE_POOL;SUR Phi setpoint
SUR;WXRBxIVR2:Spg.IvrKinematics.PosDelayR.ODT_OUT.DNDMxDEF:VARIABLE_POOL;SUR R setpoint
SUR;WXRBxIVR2:Spg.Z.Select.ODT_POS.DNDMxDEF:VARIABLE_POOL;SUR Z setpoint
SUR;WXRBxIVR2:MeasSys.PosArmTh1Corr.ODT_1.DNDMxDEF:VARIABLE_POOL;SUR measured Theta 1 position
SUR;WXRBxIVR2:MeasSys.PosArmTh2Corr.ODT_1.DNDMxDEF:VARIABLE_POOL;SUR measured Theta 2 position
SUR;WXRBxIVR2:Spg.IvrKinematics.PosDelayTh1.ODT_OUT.DNDMxDEF:VARIABLE_POOL;SUR Theta 1 position setpoint
SUR;WXRBxIVR2:Spg.IvrKinematics.PosDelayTh2.ODT_OUT.DNDMxDEF:VARIABLE_POOL;SUR Theta 2 position setpoint
SUR;WXRBxIVR2:Ctrl.Hor.FF.SumFFTh1.ODT_1.DNDMxDEF:VARIABLE_POOL;SUR Theta 1 controller output
SUR;WXRBxIVR2:Ctrl.Hor.FF.SumFFTh2.ODT_1.DNDMxDEF:VARIABLE_POOL;SUR Theta 2 controller output
SUR;WXRBxIVR2:Ctrl.Ver.FF.sumFF.ODT_1.DNDMxDEF:VARIABLE_POOL;SUR Z controller output
SUR;DV_wafhnd:WH_DSC_VLV_ATM_IVR_O_POS@M_OUTPUT.DNDMxDEF:VARIABLE_POOL;DSCB vacuum valve open analog value
SUR;DV_wafhnd:WH_DSC_VLV_VAC_IVR_O_POS@M_OUTPUT.DNDMxDEF:VARIABLE_POOL;DSCB atmospheric valve open analog value
SUR;WXDNxVWH:Sensor.WE_GEN.WH_DSC_IVR_PRS.DV.M_OUTPUT.DNDMxDEF:VARIABLE_POOL;DSCB nitrogen pressure analog value
SUR;WXDNxVWH:Sensor.WE_GEN.WH_DSC_IVR_PRS.DV.E_TRACE_VALUE_OUT.DNDMxDEF:VARIABLE_POOL;
SUR;WXDNxVWH:Sensor.SUR.WH_DSC_SUR_FLW.DV.M_OUTPUT.DNDMxDEF:VARIABLE_POOL;SUR DSCB nitrogen flow analog value
SUR;WXDNxVWH:Sensor.SUR.WH_DSC_SUR_FLW.DV.E_TRACE_VALUE_OUT.DNDMxDEF:VARIABLE_POOL;
SUR;WXDNxVWH:Sensor.SUR.WH_BB_SURBRKAPPLIED.DV.M_OUTPUT.DNDMxDEF:VARIABLE_POOL;SUR brake box applied signal
SUR;WXDNxVWH:Sensor.SUR.WH_BB_SURBRKAPPLIED.DV.E_TRACE.DNDMxDEF:VARIABLE_POOL;
SUR;DV_wafhnd:WH_SUR_POS_BRKNOTACTIVE@M_OUTPUT.DNDMxDEF:VARIABLE_POOL;SUR Z brake release not active analog value
SUR;DV_wafhnd:WH_SUR_DIS_BRK_MOTZ@M_TRACE_VALUE_OUT.DNDMxDEF:VARIABLE_POOL;SUR Z brake release command signal
SUR;DV_wafhnd:WH_SUR_DIS_SHRT_MOTZ@M_TRACE_VALUE_OUT.DNDMxDEF:VARIABLE_POOL;SUR Z motor brake box disable short command
SUR;DV_wafhnd:WH_SUR_ESC_LEFT_P_IMP@M_VALUE.DNDMxDEF:VARIABLE_POOL;SUR ESC left electrode 1 wafer present
SUR;DV_wafhnd:WH_SUR_ESC_LEFT_N_IMP@M_VALUE.DNDMxDEF:VARIABLE_POOL;SUR ESC left electrode 2 wafer present
SUR;DV_wafhnd:WH_SUR_ESC_CENTER_P_IMP@M_VALUE.DNDMxDEF:VARIABLE_POOL;SUR ESC middle electrode 1 wafer present
SUR;DV_wafhnd:WH_SUR_ESC_CENTER_N_IMP@M_VALUE.DNDMxDEF:VARIABLE_POOL;SUR ESC middle electrode 2 wafer present
SUR;DV_wafhnd:WH_SUR_ESC_RIGHT_P_IMP@M_VALUE.DNDMxDEF:VARIABLE_POOL;SUR ESC right electrode 1 wafer present
SUR;DV_wafhnd:WH_SUR_ESC_RIGHT_N_IMP@M_VALUE.DNDMxDEF:VARIABLE_POOL;SUR ESC right electrode 2 wafer present
SUR;CG_wafhnd:EA_WH_ESC.APP_CHAN.SUR_WAFER_CLAMPED.DNDMxDEF:VARIABLE_POOL;SUR ESC wafer clamped signal
SUR;CG_wafhnd:EA_WH_ESC.APP_CHAN.SUR_WAFER_CLAMPED_GLITCH_DETECTED.DNDMxDEF:VARIABLE_POOL;SUR ESC wafer clamp glitch (capacity dip) detected
SUR;CG_wafhnd:EA_WH_ESC.APP_CHAN.SUR_WAFER_PRESENT.DNDMxDEF:VARIABLE_POOL;SUR ESC wafer present signal
SUR;CG_wafhnd:EA_WH_ESC.APP_CHAN.SUR_WAFER_PRESENT_GLITCH_DETECTED.DNDMxDEF:VARIABLE_POOL;SUR ESC wafer present glitch (capacity spike) detected
SUR;CG_wafhnd:EA_WH_ESC.APP_CHAN.SUR_WCL_GLITCH_DETECT_RESET.DNDMxDEF:VARIABLE_POOL;SUR ESC reset wafer clamped glitch detected command
SUR;CG_wafhnd:EA_WH_ESC.APP_CHAN.SUR_WPR_GLITCH_DETECT_RESET.DNDMxDEF:VARIABLE_POOL;SUR ESC reset wafer present glitch detected command
SUR;DV_wafhnd:WH_SUR_ESC_LEFT_P@M_VALUE_VOLTAGE.DNDMxDEF:VARIABLE_POOL;SUR ESC left electrode 1 voltage
SUR;DV_wafhnd:WH_SUR_ESC_LEFT_N@M_VALUE_VOLTAGE.DNDMxDEF:VARIABLE_POOL;SUR ESC left electrode 2 voltage
SUR;DV_wafhnd:WH_SUR_ESC_CENTER_P@M_VALUE_VOLTAGE.DNDMxDEF:VARIABLE_POOL;SUR ESC middle electrode 1 voltage
SUR;DV_wafhnd:WH_SUR_ESC_CENTER_N@M_VALUE_VOLTAGE.DNDMxDEF:VARIABLE_POOL;SUR ESC middle electrode 2 voltage
SUR;DV_wafhnd:WH_SUR_ESC_RIGHT_P@M_VALUE_VOLTAGE.DNDMxDEF:VARIABLE_POOL;SUR ESC right electrode 1 voltage
SUR;DV_wafhnd:WH_SUR_ESC_RIGHT_N@M_VALUE_VOLTAGE.DNDMxDEF:VARIABLE_POOL;SUR ESC right electrode 2 voltage
SUR;WXCLxESCUL:Sensor.SI_ECLAMP_Vn.ODT_CAPACITANCE.DNDMxDEF:VARIABLE_POOL;SUR ESC left electrode 1 capacity
SUR;WXCLxESCUL:Sensor.SI_ECLAMP_Vp.ODT_CAPACITANCE.DNDMxDEF:VARIABLE_POOL;SUR ESC left electrode 2 capacity
SUR;WXCLxESCUM:Sensor.SI_ECLAMP_Vp.ODT_CAPACITANCE.DNDMxDEF:VARIABLE_POOL;SUR ESC middle electrode 1 capacity
SUR;WXCLxESCUM:Sensor.SI_ECLAMP_Vn.ODT_CAPACITANCE.DNDMxDEF:VARIABLE_POOL;SUR ESC middle electrode 2 capacity
SUR;WXCLxESCUR:Sensor.SI_ECLAMP_Vn.ODT_CAPACITANCE.DNDMxDEF:VARIABLE_POOL;SUR ESC right electrode 1 capacity
SUR;WXCLxESCUR:Sensor.SI_ECLAMP_Vp.ODT_CAPACITANCE.DNDMxDEF:VARIABLE_POOL;SUR ESC right electrode 2 capacity
SUR;WXDNxVWH:Sensor.WE_GEN.WH_RGC_PRS_OUT.DV.M_OUTPUT.DNDMxDEF:VARIABLE_POOL;Robot gravity compensator pressure analog value
SUR;WXDNxVWH:Sensor.WE_GEN.WH_RGC_PRS_OUT.DV.E_TRACE_VALUE_OUT.DNDMxDEF:VARIABLE_POOL;
SUR;DV_wafhnd:WH_RGC_VLV_GCOMP_VAC@M_TRACE_VALUE_OUT.DNDMxDEF:VARIABLE_POOL;Robot gravity compensator vacuum valve command
SUR;DV_wafhnd:WH_SUR_ENC_INNER@M_OUTPUT.DNDMxDEF:VARIABLE_POOL;SUR inner axis encoder position
SUR;DV_wafhnd:WH_SUR_ENC_OUTER@M_OUTPUT.DNDMxDEF:VARIABLE_POOL;SUR outer axis encoder position
SUR;DV_wafhnd:WH_SUR_ENC_Z@M_OUTPUT.DNDMxDEF:VARIABLE_POOL;SUR Z axis encoder position
SUR;WXDNxVWH:Sensor.WE_GEN.WH_CT_PRS_N2.DV.M_OUTPUT.DNDMxDEF:VARIABLE_POOL;Nitrogen supply pressure analog value
SUR;WXDNxVWH:Sensor.WE_GEN.WH_CT_PRS_N2.DV.E_TRACE_VALUE_OUT.DNDMxDEF:VARIABLE_POOL;
SUR;WXDNxVWH:Sensor.WE_GEN.WS2WH_UEXCH.DV.M_OUTPUT.DNDMxDEF:VARIABLE_POOL;WS to WH chuck at unload analog value
SUR;WXDNxVWH:Sensor.WE_GEN.WS2WH_UEXCH.DV.E_TRACE.DNDMxDEF:VARIABLE_POOL;
SUR;WXDNxVWH:Sensor.WE_GEN.WS2WH_PINDO.DV.M_OUTPUT.DNDMxDEF:VARIABLE_POOL;WS to WH Epins down analog value
SUR;WXDNxVWH:Sensor.WE_GEN.WS2WH_PINDO.DV.E_TRACE.DNDMxDEF:VARIABLE_POOL;
SUR;WXDNxVWH:Sensor.WE_GEN.WS2WH_PINUP.DV.M_OUTPUT.DNDMxDEF:VARIABLE_POOL;WS to WH Epins up analog value
SUR;WXDNxVWH:Sensor.WE_GEN.WS2WH_PINUP.DV.E_TRACE.DNDMxDEF:VARIABLE_POOL;
SUR;DV_wafhnd:WH_SUR_TMP_GRIP_N@M_OUTPUT.DNDMxDEF:VARIABLE_POOL;SUR gripper temperature analog value 
SUR;WXDNxVWH:Sensor.SUR.WH_SUR_TMP_FLNG_N.DV.M_OUTPUT.DNDMxDEF:VARIABLE_POOL;SUR flange temperature analog value
SUR;WXDNxVWH:Sensor.SUR.WH_SUR_TMP_FLNG_N.DV.E_TRACE_VALUE_OUT.DNDMxDEF:VARIABLE_POOL;
SUR;WXDNxVWH:Sensor.SUR.WH_SUR_ACC_X.DV.M_OUTPUT.DNDMxDEF:VARIABLE_POOL;SUR accelerometer X analog value
SUR;WXDNxVWH:Sensor.SUR.WH_SUR_ACC_X.DV.E_TRACE_VALUE_OUT.DNDMxDEF:VARIABLE_POOL;
SUR;WXDNxVWH:Sensor.SUR.WH_SUR_ACC_Y.DV.M_OUTPUT.DNDMxDEF:VARIABLE_POOL;SUR accelerometer Y analog value
SUR;WXDNxVWH:Sensor.SUR.WH_SUR_ACC_Y.DV.E_TRACE_VALUE_OUT.DNDMxDEF:VARIABLE_POOL;
SUR;WXDNxVWH:Sensor.SUR.WH_SUR_ACC_Z.DV.M_OUTPUT.DNDMxDEF:VARIABLE_POOL;SUR accelerometer Z analog value
SUR;WXDNxVWH:Sensor.SUR.WH_SUR_ACC_Z.DV.E_TRACE_VALUE_OUT.DNDMxDEF:VARIABLE_POOL;
VPA;WEPP2xVPA:Spg.Z.Select.ODT_POS.DNDMxDEF:VARIABLE_POOL;VPA Ppins setpoint (coupling axis)
VPA;WEPP2xVPA:Ctrl.Z.FF.Notch_FB_FF.ODT_1.DNDMxDEF:VARIABLE_POOL;VPA Ppins controller output
VPA;WEPP2xVPA:MeasSys.TransRatio.ODT_1.DNDMxDEF:VARIABLE_POOL;VPA Ppins encoder position
VPA;WEPP2xVPA:Sensor.encoder_z.ODT_1.DNDMxDEF:VARIABLE_POOL;VPA Ppins measured position encoder
VPA;WERA2xVPA:Spg.Rz.Select.ODT_POS.DNDMxDEF:VARIABLE_POOL;VPA Rz setpoint
VPA;WERA2xVPA:Ctrl.Rz.FF.SumFF.ODT_1.DNDMxDEF:VARIABLE_POOL;VPA Rz controller output
VPA;WERA2xVPA:MeasSys.TransRatio.ODT_1.DNDMxDEF:VARIABLE_POOL;VPA Rz encoder position
VPA;WERA2xVPA:Sensor.accelerometer_x.ODT_1.DNDMxDEF:VARIABLE_POOL;VPA baseframe X accelerometer signal
VPA;WERA2xVPA:Sensor.accelerometer_y.ODT_1.DNDMxDEF:VARIABLE_POOL;VPA baseframe Y accelerometer signal
VPA;WERA2xVPA:Sensor.accelerometer_z.ODT_1.DNDMxDEF:VARIABLE_POOL;VPA baseframe Z accelerometer signal
VPA;WXDNxVWH:Sensor.BGDS.WH_BGDS_FLW_IN.DV.M_OUTPUT.DNDMxDEF:VARIABLE_POOL;VPA BGDS flow sensor signal
VPA;WXDNxVWH:Sensor.BGDS.WH_BGDS_FLW_IN.DV.E_TRACE_VALUE_OUT.DNDMxDEF:VARIABLE_POOL;
VPA;WXDNxVWH:Sensor.BGDS.WH_BGDS_POS_VLVON_C.DV.M_OUTPUT.DNDMxDEF:VARIABLE_POOL;VPA BGDS main valve closed signal
VPA;WXDNxVWH:Sensor.BGDS.WH_BGDS_POS_VLVON_C.DV.E_TRACE_VALUE_OUT.DNDMxDEF:VARIABLE_POOL;
VPA;WXDNxVWH:Sensor.BGDS.WH_BGDS_POS_VLVQREL_C.DV.M_OUTPUT.DNDMxDEF:VARIABLE_POOL;VPA BGDS quick release valve closed signal
VPA;WXDNxVWH:Sensor.BGDS.WH_BGDS_POS_VLVQREL_C.DV.E_TRACE_VALUE_OUT.DNDMxDEF:VARIABLE_POOL;
VPA;WXDNxVWH:Sensor.BGDS.WH_BGDS_PRS_IN.DV.M_OUTPUT.DNDMxDEF:VARIABLE_POOL;VPA BGDS inlet pressure signal
VPA;WXDNxVWH:Sensor.BGDS.WH_BGDS_PRS_IN.DV.E_TRACE_VALUE_OUT.DNDMxDEF:VARIABLE_POOL;
VPA;WXDNxVWH:Sensor.BGDS.WH_BGDS_PRS_OUT.DV.M_OUTPUT.DNDMxDEF:VARIABLE_POOL;VPA BGDS output pressure signal
VPA;WXDNxVWH:Sensor.BGDS.WH_BGDS_PRS_OUT.DV.E_TRACE_VALUE_OUT.DNDMxDEF:VARIABLE_POOL;
VPA;WXDNxVWH:Sensor.BGDS.WH_BGDS_PRS_PCTRL.DV.M_OUTPUT.DNDMxDEF:VARIABLE_POOL;VPA BGDS controller pressure signal
VPA;WXDNxVWH:Sensor.BGDS.WH_BGDS_PRS_PCTRL.DV.E_TRACE_VALUE_OUT.DNDMxDEF:VARIABLE_POOL;
VPA;DV_wafhnd:WH_BGDS_VLV_QREL@M_TRACE_VALUE_OUT.DNDMxDEF:VARIABLE_POOL;VPA BGDS quick release valve close command
VPA;DV_wafhnd:WH_BGDS_VLV_ON@M_TRACE_VALUE_OUT.DNDMxDEF:VARIABLE_POOL;VPA BGDS main valve open command
VPA;DV_wafhnd:WH_BGDS_VLV_PCTRL_C@M_TRACE_VALUE_OUT.DNDMxDEF:VARIABLE_POOL;VPA BGDS pressure controller command
VPA;DV_wafhnd:WH_BGDS_SETP_PCTRL@M_OUTPUT.DNDMxDEF:VARIABLE_POOL;VPA BGDS pressure controller setpoint
VPA;DV_wafhnd:WH_VPA_TMP_LCWTSU_IN_N@M_OUTPUT.DNDMxDEF:VARIABLE_POOL;VPA LCW input temperature signal
VPA;DV_wafhnd:WH_VPA_TMP_LCWTSU_IN_N@E_TRACE_VALUE_OUT.DNDMxDEF:VARIABLE_POOL;VPA LCW input temperature signal
VPA;WXDNxVWH:Sensor.VPA.WH_VPA_TMP_LCWTSU_OUT_N.DV.M_OUTPUT.DNDMxDEF:VARIABLE_POOL;VPA LCW output temperature signal
VPA;WXDNxVWH:Sensor.VPA.WH_VPA_TMP_LCWTSU_OUT_N.DV.E_TRACE_VALUE_OUT.DNDMxDEF:VARIABLE_POOL;
VPA;WXDNxVWH:Sensor.VPA.WH_VPA_TMP_LID_N.DV.M_OUTPUT.DNDMxDEF:VARIABLE_POOL;VPA lid temperature signal
VPA;WXDNxVWH:Sensor.VPA.WH_VPA_TMP_LID_N.DV.E_TRACE_VALUE_OUT.DNDMxDEF:VARIABLE_POOL;
VPA;WXDNxVWH:Sensor.WE_GEN.WH_CT_FLW_LCW.DV.M_OUTPUT.DNDMxDEF:VARIABLE_POOL;LCW flow sensor signal
VPA;WXDNxVWH:Sensor.WE_GEN.WH_CT_FLW_LCW.DV.E_TRACE_VALUE_OUT.DNDMxDEF:VARIABLE_POOL;
VPA;WETC2xVPA:Spg.Sp.Setpoint.ODT_CONST_VALUE_1.DNDMxDEF:VARIABLE_POOL;VPA water temperature setpoint
VPA;WETC2xVPA:Ctrl.C.FB.PID_lp.ODT_PID_OUT.DNDMxDEF:VARIABLE_POOL;VPA water heater controller output
VPA;CG_wafhnd:WH_HIPA_VPA.ET_IMP_T1.3.PRESENCE.DNDMxDEF:VARIABLE_POOL;VPA ESC inner clamp electrode 1 wafer present
VPA;CG_wafhnd:WH_HIPA_VPA.ET_IMP_T1.4.PRESENCE.DNDMxDEF:VARIABLE_POOL;VPA ESC inner clamp electrode 2 wafer present
VPA;CG_wafhnd:WH_HIPA_VPA.ET_IMP_T1.1.PRESENCE.DNDMxDEF:VARIABLE_POOL;VPA ESC outer clamp electrode 1 wafer present
VPA;CG_wafhnd:WH_HIPA_VPA.ET_IMP_T1.2.PRESENCE.DNDMxDEF:VARIABLE_POOL;VPA ESC outer clamp electrode 2 wafer present
VPA;CG_wafhnd:EA_WH_ESC.APP_CHAN.VPA_WAFER_PRESENT.DNDMxDEF:VARIABLE_POOL;VPA ESC wafer clamped signal
VPA;CG_wafhnd:EA_WH_ESC.APP_CHAN.VPA_WAFER_CLAMPED.DNDMxDEF:VARIABLE_POOL;VPA ESC wafer present signal
VPA;WECL2xESCPI:Sensor.SI_ECLAMP_Vn.ODT_CAPACITANCE.DNDMxDEF:VARIABLE_POOL;ESC PI N capacity
VPA;WECL2xESCPI:Sensor.SI_ECLAMP_Vn.ODT_RESISTANCE.DNDMxDEF:VARIABLE_POOL;ESC PI N resistance
VPA;WECL2xESCPI:Sensor.SI_ECLAMP_Vp.ODT_CAPACITANCE.DNDMxDEF:VARIABLE_POOL;ESC PI P capacity
VPA;WECL2xESCPI:Sensor.SI_ECLAMP_Vp.ODT_RESISTANCE.DNDMxDEF:VARIABLE_POOL;ESC PI P resistance
VPA;WECL2xESCPO:Sensor.SI_ECLAMP_Vn.ODT_CAPACITANCE.DNDMxDEF:VARIABLE_POOL;ESC PO N capacity
VPA;WECL2xESCPO:Sensor.SI_ECLAMP_Vn.ODT_RESISTANCE.DNDMxDEF:VARIABLE_POOL;ESC PO N resistance
VPA;WECL2xESCPO:Sensor.SI_ECLAMP_Vp.ODT_CAPACITANCE.DNDMxDEF:VARIABLE_POOL;ESC PO P capacity
VPA;WECL2xESCPO:Sensor.SI_ECLAMP_Vp.ODT_RESISTANCE.DNDMxDEF:VARIABLE_POOL;ESC PO P resistance
VPA;CG_wafhnd:WH_SIOB.ET_PO_HO_T2.100.STATUS.DNDMxDEF.DNDMxDEF:VARIABLE_POOL;VPA Z-brake released analog value
VPA;CG_wafhnd:EA_WH_VPA_Z_BRK_STAT.APP_CHAN.STAT_PP_BRK_R.DNDMxDEF:VARIABLE_POOL;VPA Z-brake released signal
SLR;WXRBxIVR1:MeasSys.IvrInverseKinematics.ODT_POS_PHI.DNDMxDEF:VARIABLE_POOL;SLR measured Phi position
SLR;WXRBxIVR1:MeasSys.IvrInverseKinematics.ODT_POS_R.DNDMxDEF:VARIABLE_POOL;SLR measured R position
SLR;WXRBxIVR1:MeasSys.PosArmZCorr.ODT_1.DNDMxDEF:VARIABLE_POOL;SLR measured Z position
SLR;WXRBxIVR1:Spg.IvrKinematics.PosDelayPhi.ODT_OUT.DNDMxDEF:VARIABLE_POOL;SLR setpoint Phi
SLR;WXRBxIVR1:Spg.IvrKinematics.PosDelayR.ODT_OUT.DNDMxDEF:VARIABLE_POOL;SLR setpoint R
SLR;WXRBxIVR1:Spg.Z.Select.ODT_POS.DNDMxDEF:VARIABLE_POOL;SLR setpoint Z
SLR;WXRBxIVR1:MeasSys.PosArmTh1Corr.ODT_1.DNDMxDEF:VARIABLE_POOL;SLR Theta 1 axis controller output
SLR;WXRBxIVR1:MeasSys.PosArmTh2Corr.ODT_1.DNDMxDEF:VARIABLE_POOL;SLR Theta 2 axis controller output
SLR;WXRBxIVR1:Spg.IvrKinematics.PosDelayTh1.ODT_OUT.DNDMxDEF:VARIABLE_POOL;SLR Z axis controller output
SLR;WXRBxIVR1:Spg.IvrKinematics.PosDelayTh2.ODT_OUT.DNDMxDEF:VARIABLE_POOL;SLR measured Theta 1 position
SLR;WXRBxIVR1:Ctrl.Hor.FF.SumFFTh1.ODT_1.DNDMxDEF:VARIABLE_POOL;SLR measured Theta 2 position
SLR;WXRBxIVR1:Ctrl.Hor.FF.SumFFTh2.ODT_1.DNDMxDEF:VARIABLE_POOL;SLR Theta 1 position setpoint
SLR;WXRBxIVR1:Ctrl.Ver.FF.sumFF.ODT_1.DNDMxDEF:VARIABLE_POOL;SLR Theta 2 position setpoint
SLR;DV_wafhnd:WH_DSC_VLV_ATM_IVR_O_POS@M_OUTPUT.DNDMxDEF:VARIABLE_POOL;DSCB Atmosphere valve open analog value
SLR;DV_wafhnd:WH_DSC_VLV_VAC_IVR_O_POS@M_OUTPUT.DNDMxDEF:VARIABLE_POOL;DSCB Vacuum valve open analog value
SLR;DV_wafhnd:WH_DSC_IVR_PRS@M_OUTPUT.DNDMxDEF:VARIABLE_POOL;DSCB nitrogen pressure analog value
SLR;WXDNxVWH:Sensor.SLR.WH_DSC_SLR_FLW.DV.M_OUTPUT.DNDMxDEF:VARIABLE_POOL;SLR DSCB nitrogen flow analog value
SLR;WXDNxVWH:Sensor.SLR.WH_DSC_SLR_FLW.DV.E_TRACE_VALUE_OUT.DNDMxDEF:VARIABLE_POOL;
SLR;WXDNxVWH:Sensor.SLR.WH_BB_SLRBRKAPPLIED.DV.M_OUTPUT.DNDMxDEF:VARIABLE_POOL;SLR brake box applied signal
SLR;WXDNxVWH:Sensor.SLR.WH_BB_SLRBRKAPPLIED.DV.E_TRACE.DNDMxDEF:VARIABLE_POOL;
SLR;DV_wafhnd:WH_SLR_POS_BRKNOTACTIVE@M_OUTPUT.DNDMxDEF:VARIABLE_POOL;SLR Z brake release not active analog value
SLR;DV_wafhnd:WH_SLR_DIS_BRK_MOTZ@M_TRACE_VALUE_OUT.DNDMxDEF:VARIABLE_POOL;SLR Z brake release command signal
SLR;DV_wafhnd:WH_SLR_DIS_SHRT_MOTZ@M_TRACE_VALUE_OUT.DNDMxDEF:VARIABLE_POOL;SLR Z motor brake box disable short command
SLR;DV_wafhnd:WH_SLR_ESC_LEFT_P_IMP@M_VALUE.DNDMxDEF:VARIABLE_POOL ;SLR ESC left electrode 1 wafer present
SLR;DV_wafhnd:WH_SLR_ESC_LEFT_N_IMP@M_VALUE.DNDMxDEF:VARIABLE_POOL ;SLR ESC left electrode 2 wafer present
SLR;DV_wafhnd:WH_SLR_ESC_CENTER_P_IMP@M_VALUE.DNDMxDEF:VARIABLE_POOL ;SLR ESC middle electrode 1 wafer present
SLR;DV_wafhnd:WH_SLR_ESC_CENTER_N_IMP@M_VALUE.DNDMxDEF:VARIABLE_POOL ;SLR ESC middle electrode 2 wafer present
SLR;DV_wafhnd:WH_SLR_ESC_RIGHT_P_IMP@M_VALUE.DNDMxDEF:VARIABLE_POOL ;SLR ESC right electrode 1 wafer present
SLR;DV_wafhnd:WH_SLR_ESC_RIGHT_N_IMP@M_VALUE.DNDMxDEF:VARIABLE_POOL ;SLR ESC right electrode 2 wafer present
SLR;CG_wafhnd:EA_WH_ESC.APP_CHAN.SLR_WAFER_CLAMPED.DNDMxDEF:VARIABLE_POOL;SLR ESC wafer clamped signal
SLR;CG_wafhnd:EA_WH_ESC.APP_CHAN.SLR_WAFER_CLAMPED_GLITCH_DETECTED.DNDMxDEF:VARIABLE_POOL;SLR ESC wafer clamp glitch (capacity dip) detected
SLR;CG_wafhnd:EA_WH_ESC.APP_CHAN.SLR_WAFER_PRESENT.DNDMxDEF:VARIABLE_POOL;SLR ESC wafer present signal
SLR;CG_wafhnd:EA_WH_ESC.APP_CHAN.SLR_WAFER_PRESENT_GLITCH_DETECTED.DNDMxDEF:VARIABLE_POOL;SLR ESC wafer present glitch (capacity spike) detected
SLR;CG_wafhnd:EA_WH_ESC.APP_CHAN.SLR_WCL_GLITCH_DETECT_RESET.DNDMxDEF:VARIABLE_POOL;SLR ESC reset wafer clamped glitch detected command
SLR;CG_wafhnd:EA_WH_ESC.APP_CHAN.SLR_WPR_GLITCH_DETECT_RESET.DNDMxDEF:VARIABLE_POOL;SLR ESC reset wafer present glitch detected command
SLR;WXCLxESCLL:Sensor.SI_ECLAMP_Vn.ODT_CAPACITANCE.DNDMxDEF:VARIABLE_POOL;SLR ESC left electrode 1 voltage
SLR;WXCLxESCLL:Sensor.SI_ECLAMP_Vp.ODT_CAPACITANCE.DNDMxDEF:VARIABLE_POOL;SLR ESC left electrode 2 voltage
SLR;WXCLxESCLM:Sensor.SI_ECLAMP_Vp.ODT_CAPACITANCE.DNDMxDEF:VARIABLE_POOL;SLR ESC middle electrode 1 voltage
SLR;WXCLxESCLM:Sensor.SI_ECLAMP_Vn.ODT_CAPACITANCE.DNDMxDEF:VARIABLE_POOL;SLR ESC middle electrode 2 voltage
SLR;WXCLxESCLR:Sensor.SI_ECLAMP_Vn.ODT_CAPACITANCE.DNDMxDEF:VARIABLE_POOL;SLR ESC right electrode 1 voltage
SLR;WXCLxESCLR:Sensor.SI_ECLAMP_Vp.ODT_CAPACITANCE.DNDMxDEF:VARIABLE_POOL;SLR ESC right electrode 2 voltage
SLR;CG_wafhnd:WH_HIPA_SLR.ET_IMP_T1.1.IMPEDANCE_CAPACITANCE.DNDMxDEF:VARIABLE_POOL;SLR ESC left electrode 1 capacity 
SLR;CG_wafhnd:WH_HIPA_SLR.ET_IMP_T1.2.IMPEDANCE_CAPACITANCE.DNDMxDEF:VARIABLE_POOL;SLR ESC left electrode 2 capacity 
SLR;CG_wafhnd:WH_HIPA_SLR.ET_IMP_T1.3.IMPEDANCE_CAPACITANCE.DNDMxDEF:VARIABLE_POOL;SLR ESC middle electrode 1 capacity 
SLR;CG_wafhnd:WH_HIPA_SLR.ET_IMP_T1.4.IMPEDANCE_CAPACITANCE.DNDMxDEF:VARIABLE_POOL;SLR ESC middle electrode 2 capacity 
SLR;CG_wafhnd:WH_HIPA_SLR.ET_IMP_T1.5.IMPEDANCE_CAPACITANCE.DNDMxDEF:VARIABLE_POOL;SLR ESC right electrode 1 capacity 
SLR;CG_wafhnd:WH_HIPA_SLR.ET_IMP_T1.6.IMPEDANCE_CAPACITANCE.DNDMxDEF:VARIABLE_POOL;SLR ESC right electrode 2 capacity 
SLR;WXDNxVWH:Sensor.WE_GEN.WH_RGC_PRS_OUT.DV.M_OUTPUT.DNDMxDEF:VARIABLE_POOL;Robot gravity compensator pressure out analog value
SLR;WXDNxVWH:Sensor.WE_GEN.WH_RGC_PRS_OUT.DV.E_TRACE_VALUE_OUT.DNDMxDEF:VARIABLE_POOL;
SLR;DV_wafhnd:WH_RGC_VLV_GCOMP_VAC@M_TRACE_VALUE_OUT.DNDMxDEF:VARIABLE_POOL;Robot gravity compensator vacuum valve command
SLR;DV_wafhnd:WH_SLR_ENC_INNER@M_OUTPUT.DNDMxDEF:VARIABLE_POOL;SLR inner axis encoder position
SLR;DV_wafhnd:WH_SLR_ENC_OUTER@M_OUTPUT.DNDMxDEF:VARIABLE_POOL;SLR outer axis encoder position
SLR;DV_wafhnd:WH_SLR_ENC_Z@M_OUTPUT.DNDMxDEF:VARIABLE_POOL;SLR Z axis encoder position
SLR;WXDNxVWH:Sensor.WE_GEN.WH_CT_PRS_N2.DV.M_OUTPUT.DNDMxDEF:VARIABLE_POOL;Nitrogen supply pressure analog value
SLR;WXDNxVWH:Sensor.WE_GEN.WH_CT_PRS_N2.DV.E_TRACE_VALUE_OUT.DNDMxDEF:VARIABLE_POOL;
SLR;WXDNxVWH:Sensor.WE_GEN.WS2WH_LEXCH.DV.M_OUTPUT.DNDMxDEF:VARIABLE_POOL;WS to WH load at exchange analog value
SLR;WXDNxVWH:Sensor.WE_GEN.WS2WH_LEXCH.DV.E_TRACE.DNDMxDEF:VARIABLE_POOL;
SLR;WXDNxVWH:Sensor.WE_GEN.WS2WH_PINDO.DV.M_OUTPUT.DNDMxDEF:VARIABLE_POOL;WS to WH Epins down analog value
SLR;WXDNxVWH:Sensor.WE_GEN.WS2WH_PINDO.DV.E_TRACE.DNDMxDEF:VARIABLE_POOL;
SLR;WXDNxVWH:Sensor.WE_GEN.WS2WH_PINUP.DV.M_OUTPUT.DNDMxDEF:VARIABLE_POOL;WS to WH Epins up analog value
SLR;WXDNxVWH:Sensor.WE_GEN.WS2WH_PINUP.DV.E_TRACE.DNDMxDEF:VARIABLE_POOL;
SLR;WXDNxVWH:Sensor.SLR.WH_SLR_POS_GRIPHX.DV.M_OUTPUT.DNDMxDEF:VARIABLE_POOL;SLR docking sensor X position analog value
SLR;WXDNxVWH:Sensor.SLR.WH_SLR_POS_GRIPHX.DV.E_TRACE_VALUE_OUT.DNDMxDEF:VARIABLE_POOL;
SLR;WXDNxVWH:Sensor.SLR.WH_SLR_POS_GRIPHY1.DV.M_OUTPUT.DNDMxDEF:VARIABLE_POOL;SLR docking sensor Y1 position analog value
SLR;WXDNxVWH:Sensor.SLR.WH_SLR_POS_GRIPHY1.DV.E_TRACE_VALUE_OUT.DNDMxDEF:VARIABLE_POOL;
SLR;WXDNxVWH:Sensor.SLR.WH_SLR_POS_GRIPHY2.DV.M_OUTPUT.DNDMxDEF:VARIABLE_POOL;SLR docking sensor Y2 position analog value
SLR;WXDNxVWH:Sensor.SLR.WH_SLR_POS_GRIPHY2.DV.E_TRACE_VALUE_OUT.DNDMxDEF:VARIABLE_POOL;
SLR;CG_wafhnd:EA_WH_WESP2_SLR_CTRL.APP_CHAN.WESP_CTRL.DNDMxDEF:VARIABLE_POOL;SLR docking sensor on command
SLR;DV_wafhnd:WH_SLR_TMP_GRIP_N@M_OUTPUT.DNDMxDEF:VARIABLE_POOL;SLR gripper temperature sensor analog value
SLR;DV_wafhnd:WH_SLR_TMP_GRIP_N@E_TRACE_VALUE_OUT.DNDMxDEF:VARIABLE_POOL;SLR Gripper Temperature Sensor Electrical signal
SLR;WXDNxVWH:Sensor.SLR.WH_SLR_TMP_FLNG_N.DV.M_OUTPUT.DNDMxDEF:VARIABLE_POOL;SLR flange temperature sensor analog value 
SLR;WXDNxVWH:Sensor.SLR.WH_SLR_TMP_FLNG_N.DV.E_TRACE_VALUE_OUT.DNDMxDEF:VARIABLE_POOL;
SLR;WXDNxVWH:Sensor.SLR.WH_SLR_ACC_X.DV.M_OUTPUT.DNDMxDEF:VARIABLE_POOL;SLR accelerometer X analog value
SLR;WXDNxVWH:Sensor.SLR.WH_SLR_ACC_X.DV.E_TRACE_VALUE_OUT.DNDMxDEF:VARIABLE_POOL;
SLR;WXDNxVWH:Sensor.SLR.WH_SLR_ACC_Y.DV.M_OUTPUT.DNDMxDEF:VARIABLE_POOL;SLR accelerometer Y analog value
SLR;WXDNxVWH:Sensor.SLR.WH_SLR_ACC_Y.DV.E_TRACE_VALUE_OUT.DNDMxDEF:VARIABLE_POOL;
SLR;WXDNxVWH:Sensor.SLR.WH_SLR_ACC_Z.DV.M_OUTPUT.DNDMxDEF:VARIABLE_POOL;SLR accelerometer Z analog value
SLR;WXDNxVWH:Sensor.SLR.WH_SLR_ACC_Z.DV.E_TRACE_VALUE_OUT.DNDMxDEF:VARIABLE_POOL;
SLR;DV_wafhnd:WH_VPA_TMP_LCWTSU_IN_N@M_OUTPUT.DNDMxDEF:VARIABLE_POOL;VPA LCW temperature sensor (input to the error/warning function) of the module
SLR;DV_wafhnd:WH_VPA_TMP_LCWTSU_IN_N@E_TRACE_VALUE_OUT.DNDMxDEF:VARIABLE_POOL;VPA LCW temperature sensor (input to the error/warning function) of the module
SLR;WXDNxVWH:Sensor.WE_GEN.WH_CT_FLW_LCW.DV.M_OUTPUT.DNDMxDEF:VARIABLE_POOL;LCW Flow switch (Input to the module)
SLR;WXDNxVWH:Sensor.WE_GEN.WH_CT_FLW_LCW.DV.E_TRACE_VALUE_OUT.DNDMxDEF:VARIABLE_POOL;
SLR;DV_wafhnd:WH_PTCB_LCW_TMP@M_OUTPUT.DNDMxDEF:VARIABLE_POOL;Temp sensor for LCW towards SLR for control loop Peltier
SLR;DV_wafhnd:WH_PTCB_LCW_TMP@E_TRACE_VALUE_OUT.DNDMxDEF:VARIABLE_POOL;This channels used for diagnostics. Normally closed.
SLR;CG_wafhnd:EA_WH_SW_AMP_EN.APP_CHAN.WH_SLR_PTCB.DNDMxDEF:VARIABLE_POOL;SAPA SW Enable Signal
SLR;CG_wafhnd:WH_SAPA.ET_1P_AMP_T1_53V.3.SETPOINT.DNDMxDEF:VARIABLE_POOL;SAPA Current Setpoint to Peltier
SLR;CG_wafhnd:WH_SAPA.ET_1P_AMP_T1_53V.3.ET_ERROR.DNDMxDEF:VARIABLE_POOL;SAPA ET Error Signal
SLR;CG_wafhnd:WH_SAPA.ET_1P_AMP_T1_53V.3.TRACE1.DNDMxDEF:VARIABLE_POOL;SAPA Voltage trace
SLR;CG_wafhnd:WH_SAPA.ET_1P_AMP_T1_53V.3.TRACE2.DNDMxDEF:VARIABLE_POOL;SAPA Current trace
SLR;CG_wafhnd:WH_SAPA.ET_1P_AMP_T1_53V.3.TRACE_SEL.DNDMxDEF:VARIABLE_POOL;SAPA Voltage and current trace select
SLR;CG_wafhnd:WH_SAPA.ET_1P_AMP_T1_53V.3.ENABLE.DNDMxDEF:VARIABLE_POOL;SAPA HW Enable Signal
SLR;CG_wafhnd:WH_SAPA.ET_1P_AMP_T1_53V.3.ENABLED.DNDMxDEF:VARIABLE_POOL;SAPA HW Enable Status
LL2;WXLLxLL2:Sensor.ATMGVClosedVLV_NOT.ODT_1.DNDMxDEF:VARIABLE_POOL;Loadlock 2 atmospheric gate closed signal
LL2;WXLLxLL2:Sensor.ATMGVClosedVLV_NOT.DV.E_TRACE_VALUE_OUT.DNDMxDEF:VARIABLE_POOL;Loadlock 2 atmospheric gate closed signal
LL2;WXLLxLL2:Sensor.ATMGVOpenVLV_NOT.ODT_1.DNDMxDEF:VARIABLE_POOL;Loadlock 2 atmospheric gate open signal
LL2;WXLLxLL2:Sensor.ATMGVOpenVLV_NOT.DV.E_TRACE_VALUE_OUT.DNDMxDEF:VARIABLE_POOL;Loadlock 2 atmospheric gate open signal
LL2;WXLLxLL2:Sensor.VACGVClosedVLV.ODT_1.DNDMxDEF:VARIABLE_POOL;Loadlock 2 vacuum gate closed signal
LL2;WXLLxLL2:Sensor.VACGVClosedVLV.DV.E_TRACE_VALUE_OUT.DNDMxDEF:VARIABLE_POOL;Loadlock 2 vacuum gate closed signal
LL2;WXLLxLL2:Sensor.VACGVOpenVLV.ODT_1.DNDMxDEF:VARIABLE_POOL;Loadlock 2 vacuum gate open signal
LL2;WXLLxLL2:Sensor.VACGVOpenVLV.DV.E_TRACE_VALUE_OUT.DNDMxDEF:VARIABLE_POOL;Loadlock 2 vacuum gate open signal
LL2;CG_wafhnd:WH_SIOB.ET_AIS_COMP.115.VALUE_OUT.DNDMxDEF:VARIABLE_POOL;Loadlock 2 vacuum gate open analog value
LL2;CG_wafhnd:WH_SIOB.ET_AIS_COMP.116.VALUE_OUT.DNDMxDEF:VARIABLE_POOL;Loadlock 2 vacuum gate closed analog value
LL2;CG_wafhnd:WH_SIOB.ET_AIS_COMP.117.VALUE_OUT.DNDMxDEF:VARIABLE_POOL;Loadlock 2 atmospheric gate open analog value
LL2;CG_wafhnd:WH_SIOB.ET_AIS_COMP.118.VALUE_OUT.DNDMxDEF:VARIABLE_POOL;Loadlock 2 atmospheric gate closed analog value
LL2;DV_wafhnd:WH_LL2_VLV_GTVAC@M_TRACE_SET_OUTPUT.DNDMxDEF:VARIABLE_POOL;Loadlock 2 vacuum gate close command signal
LL2;DV_wafhnd:WH_LL2_VLV_GTVAC@DEVICE_SET_E_TRACE_RAW_CHANNEL_SET.DNDMxDEF:VARIABLE_POOL;Loadlock 2 vacuum gate close command signal
LL2;DV_wafhnd:WH_LL2_VLV_GTATM@M_TRACE_SET_OUTPUT.DNDMxDEF:VARIABLE_POOL;Loadlock 2 atmospheric gate close command signal
LL2;WXLLxLL2:Sensor.MainPumpClosedVLV_NOT.ODT_1.DNDMxDEF:VARIABLE_POOL;Loadlock 2 main pump valve closed signal
LL2;WXLLxLL2:Sensor.MainPumpOpenVLV_NOT.ODT_1.DNDMxDEF:VARIABLE_POOL;Loadlock 2 main pump valve open signal
LL2;WXLLxLL2:Sensor.SoftStartPumpClosedVLV_NOT.ODT_1.DNDMxDEF:VARIABLE_POOL;Loadlock 2 start pump valve closed signal
LL2;WXLLxLL2:Sensor.SoftStartPumpOpenVLV_NOT.ODT_1.DNDMxDEF:VARIABLE_POOL;Loadlock 2 start pump valve open signal
LL2;CG_wafhnd:WH_SIOB.ET_AIS_COMP.124.VALUE_OUT.DNDMxDEF:VARIABLE_POOL;Loadlock 2 main pump valve open analog value 
LL2;CG_wafhnd:WH_SIOB.ET_AIS_COMP.125.VALUE_OUT.DNDMxDEF:VARIABLE_POOL;Loadlock 2 main pump valve closed analog value
LL2;CG_wafhnd:WH_SIOB.ET_AIS_COMP.126.VALUE_OUT.DNDMxDEF:VARIABLE_POOL;Loadlock 2 start pump valve open analog value
LL2;CG_wafhnd:WH_SIOB.ET_AIS_COMP.127.VALUE_OUT.DNDMxDEF:VARIABLE_POOL;Loadlock 2 start pump valve closed analog value
LL2;DV_wafhnd:WH_LL2_VLV_PMPSTRT@M_TRACE_VALUE_OUT.DNDMxDEF:VARIABLE_POOL;Loadlock 2 start pump valve command signal
LL2;DV_wafhnd:WH_LL2_VLV_PMPMAIN@M_TRACE_VALUE_OUT.DNDMxDEF:VARIABLE_POOL;Loadlock 2 main pump valve command signal
LL2;WXLLxLL2:Sensor.SoftEndVentVLV_NOT.ODT_1.DNDMxDEF:VARIABLE_POOL;Loadlock 2 soft end vent valve open signal
LL2;WXLLxLL2:Sensor.MainVentVLV_NOT.ODT_1.DNDMxDEF:VARIABLE_POOL;Loadlock 2 main vent valve open signal
LL2;WXLLxLL2:Sensor.SoftStartVentVLV_NOT.ODT_1.DNDMxDEF:VARIABLE_POOL;Loadlock 2 soft start vent valve open signal 
LL2;WXLLxLL2:Sensor.EqualizationVLV_NOT.ODT_1.DNDMxDEF:VARIABLE_POOL;Loadlock 2 pressure equalization valve open signal
LL2;DV_wafhnd:WH_LL_PURGE_OPEN_POS@M_OUTPUT.DNDMxDEF:VARIABLE_POOL;Loadlock 2 purge valve open analog value
LL2;DV_wafhnd:WH_LL2_ATM_EQ_VLV@M_TRACE_VALUE_OUT.DNDMxDEF:VARIABLE_POOL;Loadlock 2 pressure equalization valve open command
LL2;DV_wafhnd:WH_LL2_VLV_VENTEND@M_TRACE_VALUE_OUT.DNDMxDEF:VARIABLE_POOL;Loadlock 2 soft end vent valve open command
LL2;DV_wafhnd:WH_LL2_VLV_VENTSTRT@M_TRACE_VALUE_OUT.DNDMxDEF:VARIABLE_POOL;Loadlock 2 soft start vent valve open command 
LL2;DV_wafhnd:WH_LL2_VLV_VENTMAIN@M_TRACE_VALUE_OUT.DNDMxDEF:VARIABLE_POOL;Loadlock 2 main vent valve open command
LL2;WXDNxVWH:Sensor.LL2.WH_LL2_TOP_WPRST_LSEN.DV.M_OUTPUT.DNDMxDEF:VARIABLE_POOL;Loadlock 2 wafer present optical signal Top
LL2;WXDNxVWH:Sensor.LL2.WH_LL2_TOP_WPRST_LSEN.DV.E_TRACE_VALUE_OUT.DNDMxDEF:VARIABLE_POOL;Loadlock 2 wafer present optical signal Top
LL2;WXDNxVWH:Sensor.LL2.WH_LL2_BOT_WPRST_LSEN.DV.M_OUTPUT.DNDMxDEF:VARIABLE_POOL;Loadlock 2 wafer present optical signal Bottom
LL2;WXDNxVWH:Sensor.LL2.WH_LL2_BOT_WPRST_LSEN.DV.E_TRACE_VALUE_OUT.DNDMxDEF:VARIABLE_POOL;Loadlock 2 wafer present optical signal Bottom
LL2;WXDNxVWH:Sensor.LL2.WH_LL2_WPOS_1_LSEN.DV.M_OUTPUT.DNDMxDEF:VARIABLE_POOL;Loadlock 2 wafer placed correctly optical 1 signal
LL2;WXDNxVWH:Sensor.LL2.WH_LL2_WPOS_1_LSEN.DV.E_TRACE_VALUE_OUT.DNDMxDEF:VARIABLE_POOL;Loadlock 2 wafer placed correctly optical 1 signal
LL2;WXDNxVWH:Sensor.LL2.WH_LL2_WPOS_2_LSEN.DV.M_OUTPUT.DNDMxDEF:VARIABLE_POOL;Loadlock 2 wafer placed correctly optical 2 signal
LL2;WXDNxVWH:Sensor.LL2.WH_LL2_WPOS_2_LSEN.DV.E_TRACE_VALUE_OUT.DNDMxDEF:VARIABLE_POOL;Loadlock 2 wafer placed correctly optical 2 signal
LL2;WXDNxVWH:Sensor.LL2.WH_LL2_WPOS_3_LSEN.DV.M_OUTPUT.DNDMxDEF:VARIABLE_POOL;Loadlock 2 wafer placed correctly optical 3 signal
LL2;WXDNxVWH:Sensor.LL2.WH_LL2_WPOS_3_LSEN.DV.E_TRACE_VALUE_OUT.DNDMxDEF:VARIABLE_POOL;Loadlock 2 wafer placed correctly optical 3 signal
LL2;WXDNxVWH:Sensor.LL.WH_LL_R_PHI_CALIB_AXR_LSEN.DV.M_OUTPUT.DNDMxDEF:VARIABLE_POOL;Loadlock 2 atmospheric robot gripper detected signal
LL2;WXDNxVWH:Sensor.LL.WH_LL_R_PHI_CALIB_AXR_LSEN.DV.E_TRACE_VALUE_OUT.DNDMxDEF:VARIABLE_POOL;Loadlock 2 atmospheric robot gripper detected signal
LL2;WXDNxVWH:Sensor.LL.WH_LL_POS_SURZHEIGHT.DV.M_OUTPUT.DNDMxDEF:VARIABLE_POOL;Loadlocks SUR Z height sensor signal
LL2;WXDNxVWH:Sensor.LL.WH_LL_POS_SURZHEIGHT.DV.E_TRACE_VALUE_OUT.DNDMxDEF:VARIABLE_POOL;Loadlocks SUR Z height sensor signal
LL2;WXDNxVWH:Sensor.LL2.WH_LL2_TMP_WATERTS_OUT_N.DV.M_OUTPUT.DNDMxDEF:VARIABLE_POOL;Loadlocks water in temperature signal (Thermal shield LL2)
LL2;WXDNxVWH:Sensor.LL2.WH_LL2_TMP_WATERTS_OUT_N.DV.E_TRACE_VALUE_OUT.DNDMxDEF:VARIABLE_POOL;Loadlocks water in temperature signal (Thermal shield LL2)
LL2;WXDNxVWH:Sensor.WE_GEN.WH_CT_PRS_CDA.DV.M_OUTPUT.DNDMxDEF:VARIABLE_POOL;CDA supply pressure 
LL2;WXDNxVWH:Sensor.WE_GEN.WH_CT_PRS_CDA.DV.E_TRACE_VALUE_OUT.DNDMxDEF:VARIABLE_POOL;CDA supply pressure 
LL2;WXDNxVWH:Sensor.WE_GEN.WH_CT_PRS_N2.DV.M_OUTPUT.DNDMxDEF:VARIABLE_POOL;Nitrogen supply pressure
LL2;WXDNxVWH:Sensor.WE_GEN.WH_CT_PRS_N2.DV.E_TRACE_VALUE_OUT.DNDMxDEF:VARIABLE_POOL;Nitrogen supply pressure
LL2;DV_wafhnd:WH_LL_XCDA_PRS@M_OUTPUT.DNDMxDEF:VARIABLE_POOL;XCDA supply pressure
LL2;WXDNxVWH:Sensor.LL.WH_LL_PMP1_STAT_ALARM.DV.M_OUTPUT.DNDMxDEF:VARIABLE_POOL;Loadlocks pump alarm signal
LL2;WXDNxVWH:Sensor.LL.WH_LL_PMP1_STAT_ALARM.DV.E_TRACE_VALUE_OUT.DNDMxDEF:VARIABLE_POOL;Loadlocks pump alarm signal
LL2;WXDNxVWH:Sensor.LL.WH_LL_PMP1_STAT_RUN.DV.M_OUTPUT.DNDMxDEF:VARIABLE_POOL;Loadlocks pump run signal
LL2;WXDNxVWH:Sensor.LL.WH_LL_PMP1_STAT_RUN.DV.E_TRACE_VALUE_OUT.DNDMxDEF:VARIABLE_POOL;Loadlocks pump run signal
LL2;WXDNxVWH:Sensor.LL.WH_LL_PMP1_N_TMP.DV.M_OUTPUT.DNDMxDEF:VARIABLE_POOL;Loadlocks pump temperature signal
LL2;WXDNxVWH:Sensor.LL.WH_LL_PMP1_N_TMP.DV.E_TRACE_VALUE_OUT.DNDMxDEF:VARIABLE_POOL;Loadlocks pump temperature signal
LL2;DV_wafhnd:WH_LL_EN_SURZHEIGHT@M_TRACE_VALUE_OUT.DNDMxDEF:VARIABLE_POOL;Loadlocks SUR Z height sensor on command
LL2;WXLLxLL2:Sensor.PresAbsolute.ODT_1.DNDMxDEF:VARIABLE_POOL;Loadlock 2 absolute pressure signal
LL2;WXLLxLL2:Sensor.PresRelative.ODT_1.DNDMxDEF:VARIABLE_POOL;Loadlock 2 relative pressure signal
LL2;WXLLxLL2:MeasSys.PV.PredPresCalc.PredPres.ODT_OUT.DNDMxDEF:VARIABLE_POOL;Loadlock 2 predicted pressure
LL2;DV_wafhnd:WH_LL_EN_SURZHEIGHT_ATM_RPHI@M_TRACE_VALUE_OUT.DNDMxDEF:VARIABLE_POOL;Enable sensor for calibrating Z-height SUR signal
LL2;DV_wafhnd:WH_LL_EN_ATM_RPHI_CALIB@M_TRACE_VALUE_OUT.DNDMxDEF:VARIABLE_POOL;Enable the RPhi calibration sensor signal
LL2;DV_wafhnd:WH_LL2_TMP_WATERTS_OUT_DIAGN@M_OUTPUT.DNDMxDEF:VARIABLE_POOL;Diagnostic input for temperature sensor signal
AUR;WXRBxAUR:MeasSys.Kinematics.ODT_POS_PHI.DNDMxDEF:VARIABLE_POOL;AUR measured Phi position
AUR;WXRBxAUR:MeasSys.Kinematics.ODT_POS_R.DNDMxDEF:VARIABLE_POOL;AUR measured R position
AUR;WXRBxAUR:MeasSys.TransRatioZ.ODT_1.DNDMxDEF:VARIABLE_POOL;AUR measured Z position
AUR;WXRBxAUR:Spg.Kinematics.ODT_POS_PHI.DNDMxDEF:VARIABLE_POOL;AUR Phi setpoint
AUR;WXRBxAUR:Spg.Kinematics.ODT_POS_R.DNDMxDEF:VARIABLE_POOL;AUR R setpoint
AUR;WXRBxAUR:Spg.Z.Select.ODT_POS.DNDMxDEF:VARIABLE_POOL;AUR Z setpoint
AUR;WXRBxAUR:Ctrl.Hor.FF.SumFFTh1.ODT_1.DNDMxDEF:VARIABLE_POOL;AUR Theta 1 controller output
AUR;WXRBxAUR:Ctrl.Hor.FF.SumFFTh2.ODT_1.DNDMxDEF:VARIABLE_POOL;AUR Theta 2 controller output
AUR;WXRBxAUR:Ctrl.Ver.FF.SumFF.ODT_1.DNDMxDEF:VARIABLE_POOL;AUR Z controller output
AUR;WXRBxAUR:MeasSys.TransRatioTh1.ODT_1.DNDMxDEF:VARIABLE_POOL;AUR measured Theta 1 position
AUR;WXRBxAUR:MeasSys.TransRatioTh2.ODT_1.DNDMxDEF:VARIABLE_POOL;AUR measured Theta 2 position
AUR;WXRBxAUR:Spg.Th1.Select.ODT_POS.DNDMxDEF:VARIABLE_POOL;AUR Theta 1 position setpoint
AUR;WXRBxAUR:Spg.Th2.Select.ODT_POS.DNDMxDEF:VARIABLE_POOL;AUR Theta 2 position setpoint
AUR;CG_wafhnd:EA_WHN_Z_BRAKE_OFF.APP_CHAN.UR_Z_BRAKE_OFF_BRK.DNDMxDEF:VARIABLE_POOL;AUR Z brake 
AUR;CG_wafhnd:EA_WHN_BB_UR_CSR.APP_CHAN.OUTER_MOTOR_PHASE_ANGLE.DNDMxDEF:VARIABLE_POOL;ALR brake box theta1 (needs to checked if this correct)
AUR;CG_wafhnd:EA_WHN_BB_UR_CSR.APP_CHAN.OUTER_MOTOR_PHASE_ANGLE_SETPOINT.DNDMxDEF:VARIABLE_POOL;ALR brake box theta1 setpoint (needs to checked if this correct)
AUR;CG_wafhnd:EA_WHN_BB_UR_CSR.APP_CHAN.INNER_MOTOR_PHASE_ANGLE.DNDMxDEF:VARIABLE_POOL;ALR brake box theta2 needs to checked if this correct)
AUR;CG_wafhnd:EA_WHN_BB_UR_CSR.APP_CHAN.INNER_MOTOR_PHASE_ANGLE_SETPOINT.DNDMxDEF:VARIABLE_POOL;ALR brake box theta2 setpoint needs to checked if this correct)
AUR;CG_wafhnd:EA_WHN_BB_UR_CSR.APP_CHAN.INNER_MOTOR_IPHASE_R.DNDMxDEF:VARIABLE_POOL;ALR inner motor brake box current phase R 
AUR;CG_wafhnd:EA_WHN_BB_UR_CSR.APP_CHAN.INNER_MOTOR_IPHASE_S.DNDMxDEF:VARIABLE_POOL;ALR inner motor brake box current phase S 
AUR;CG_wafhnd:EA_WHN_BB_UR_CSR.APP_CHAN.INNER_MOTOR_IPHASE_T.DNDMxDEF:VARIABLE_POOL;ALR inner motor brake box current phase T 
AUR;CG_wafhnd:EA_WHN_BB_UR_CSR.APP_CHAN.OUTER_MOTOR_IPHASE_R.DNDMxDEF:VARIABLE_POOL;ALR outer motor brake box current phase R 
AUR;CG_wafhnd:EA_WHN_BB_UR_CSR.APP_CHAN.OUTER_MOTOR_IPHASE_S.DNDMxDEF:VARIABLE_POOL;ALR outer motor brake box current phase S 
AUR;CG_wafhnd:EA_WHN_BB_UR_CSR.APP_CHAN.OUTER_MOTOR_IPHASE_T.DNDMxDEF:VARIABLE_POOL;ALR outer motor brake box current phase T 
AUR;CG_wafhnd:EA_WHN_VAC_PRESS.APP_CHAN.UR_GRIP_VAC_PSEN_WAFER_CLAMPED.DNDMxDEF:VARIABLE_POOL;AUR wafer clamped signal
AUR;CG_wafhnd:EA_WHN_VAC_PRESS.APP_CHAN.UR_GRIP_VAC_PSEN_WAFER_PRESENT.DNDMxDEF:VARIABLE_POOL;AUR wafer present signal
AUR;WZCLxAUR_PSENE:Sensor.WHN_XR_GRIP_VAC_PSEN.DV.M_MON_OFFSET_GAIN_CORR.DNDMxDEF:VARIABLE_POOL;AUR gripper vacuum pressure
AUR;WZCLxAUR_PSENE:Sensor.WHN_XR_GRIP_VAC_PSEN.ODT_1.DNDMxDEF:VARIABLE_POOL;AUR gripper vacuum status (for wafer presence)
AUR;WXRBxAUR:Sensor.Hor.WHN_XR_BODY_INNR_ENC.ODT_1.DNDMxDEF:VARIABLE_POOL;AUR inner axis encoder position
AUR;WXRBxAUR:Sensor.Hor.WHN_XR_BODY_OUTR_ENC.ODT_1.DNDMxDEF:VARIABLE_POOL;AUR outer axis encoder position
AUR;WXRBxAUR:Sensor.Ver.WHN_XR_BODY_Z_ENC.ODT_1.DNDMxDEF:VARIABLE_POOL;AUR Z axis encoder position
AUR;WZCLxAUR_PSENE:Sensor.WHN_XR_GRIP_VAC_PSEN.DV.M_OUTPUT.DNDMxDEF:VARIABLE_POOL;AUR gripper vacuum pressure analog value
AUR;DV_wafhnd:WHN_UR_WRIST_Z_CAL_VSO@M_OUTPUT.DNDMxDEF:VARIABLE_POOL;AUR wrist Rz calibration sensor analog value
AUR;DV_wafhnd:WHN_UR_BODY_Z_HOME_PROX@M_OUTPUT.DNDMxDEF:VARIABLE_POOL;AUR Z-home sensor signal
APA;WZTUxTSUZ:MeasSys.TransRatioA.ODT_1.DNDMxDEF:VARIABLE_POOL;APA TSU Z position encoder (rad)
APA;WZTUxTSUZ:MeasSys.ActPosA2Z.ODT_LOOKUP_RESULT.DNDMxDEF:VARIABLE_POOL;APA TSU Z-stroke measured position
APA;WZTUxTSUZ:Spg.A.Select.ODT_POS.DNDMxDEF:VARIABLE_POOL;APA TSU Z-stroke setpoint position
APA;WZTUxTSUZ:Sensor.WHN_PA_TSU_Z_DWN_VSO.ODT_1.DNDMxDEF:VARIABLE_POOL;APA TSU VSO
APA;WZTUxTSUZ:Ctrl.A.FF.SumFF.ODT_1.DNDMxDEF:VARIABLE_POOL;APA TSU Z-stroke controller output
APA;WZTUxTSUZ:Ctrl.A.FB.ChkError.ODT_FLT_POS_ERROR.DNDMxDEF:VARIABLE_POOL;APA TSU Z-stroke controller error
APA;DV_wafhnd:WHN_PA_TSU_Z_STAT_LOCK@M_OUTPUT.DNDMxDEF:VARIABLE_POOL;APA TSU Z brake
APA;WZTUxTSU_PSENE:Sensor.WHN_PU_PA_TSU_CDA_PSEN.DV.M_MON_OFFSET_GAIN_CORR.DNDMxDEF:VARIABLE_POOL;APA TSU CDA pressure
APA;DV_wafhnd:WHN_PU_PA_TSU_CDA_VLV@M_TRACE_SET_OUTPUT.DNDMxDEF:VARIABLE_POOL;TSU CDA valve command
APA;WZTUxTSU_PSENE:Sensor.WHN_PU_PA_TSU_VAC_PSEN.DV.M_MON_OFFSET_GAIN_CORR.DNDMxDEF:VARIABLE_POOL;APA TSU VAC pressure
APA;DV_wafhnd:WHN_PU_PA_TSU_VAC_VLV@M_TRACE_SET_OUTPUT.DNDMxDEF:VARIABLE_POOL;APA TSU VAC valve command
APA;CG_wafhnd:WHN_TAPA.ETT_LINAMP_T1_01.7.ENABLED.DNDMxDEF:VARIABLE_POOL;APA TSU Z amplifier (TAPA) status
APA;CG_wafhnd:WHN_TAPA.ETT_LINAMP_T1_01.7.TRACE_CURRENT.DNDMxDEF:VARIABLE_POOL;APA TSU Z amplifier (TAPA) current output
APA;WZRUxROT:MeasSys.TransRatioRz.ODT_1.DNDMxDEF:VARIABLE_POOL;APA Rz angle encoder
APA;WZRUxROT:Spg.Rz.Select.ODT_POS.DNDMxDEF:VARIABLE_POOL;APA Rz angle setpoint
APA;WZRUxROT:Ctrl.Rz.FB.ChkError.ODT_FLT_POS_ERROR.DNDMxDEF:VARIABLE_POOL;APA Rz control error
APA;WZRUxROT:Ctrl.Rz.FF.SumFF.ODT_1.DNDMxDEF:VARIABLE_POOL;APA Rz controller output
APA;CG_wafhnd:WHN_TAPA.ETT_LINAMP_T1_01.4.ENABLED.DNDMxDEF:VARIABLE_POOL;APA Rz amplifier (TAPA) status
APA;CG_wafhnd:WHN_TAPA.ETT_LINAMP_T1_01.4.TRACE_CURRENT.DNDMxDEF:VARIABLE_POOL;APA Rz amplifier (TAPA) current output
APA;WXDNxAWH:Sensor.ACC.WHN_PA_PLATE_ACC_XAXIS.DV.M_OUTPUT.DNDMxDEF:VARIABLE_POOL;APA base frame disturbance accelerometer signal X
APA;WXDNxAWH:Sensor.ACC.WHN_PA_PLATE_ACC_XAXIS.DV.E_TRACE_VALUE_OUT.DNDMxDEF:VARIABLE_POOL;
APA;WXDNxAWH:Sensor.ACC.WHN_PA_PLATE_ACC_YAXIS.DV.M_OUTPUT.DNDMxDEF:VARIABLE_POOL;APA base frame disturbance accelerometer signal Y
APA;WXDNxAWH:Sensor.ACC.WHN_PA_PLATE_ACC_YAXIS.DV.E_TRACE_VALUE_OUT.DNDMxDEF:VARIABLE_POOL;
APA;WXDNxAWH:Sensor.ACC.WHN_PA_PLATE_ACC_ZAXIS.DV.M_OUTPUT.DNDMxDEF:VARIABLE_POOL;APA base frame disturbance accelerometer signal Z
APA;WXDNxAWH:Sensor.ACC.WHN_PA_PLATE_ACC_ZAXIS.DV.E_TRACE_VALUE_OUT.DNDMxDEF:VARIABLE_POOL;
APA;WZCLxROT_PSENE:Sensor.WHN_PU_PA_ROT_VAC_PSEN.DV.M_MON_OFFSET_GAIN_CORR.DNDMxDEF:VARIABLE_POOL;APA P-chuck VAC pressure
APA;DV_wafhnd:WHN_PU_PA_ROT_VAC_VLV@M_TRACE_SET_OUTPUT.DNDMxDEF:VARIABLE_POOL;APA P-chuck VAC valve command
APA;DV_wafhnd:WHN_PA_ES_PWR_EN@M_TRACE_VALUE_OUT.DNDMxDEF:VARIABLE_POOL;APA ES camera power
APA;CG_wafhnd:EA_EDGE_SENSOR_STAT.APP_CHAN.CNTSCANS.DNDMxDEF:VARIABLE_POOL;APA ES snapshot counter
APA;DV_wafhnd:WHN_PA_ES_LGHT@M_TRACE_VALUE_OUT.DNDMxDEF:VARIABLE_POOL;APA ES LED power
APA;WZPHxHEAT:Sensor.WHN_HMAN_RCW_TSEN.ODT_1.DNDMxDEF:VARIABLE_POOL;AWH Heater manifold temperature
APA;WZPHxHEAT:Sensor.WHN_AS_TOP_LD_TSEN.ODT_1.DNDMxDEF:VARIABLE_POOL;AWH Air Shower Top Load temperature
APA;WZPHxHEAT:Sensor.WHN_AS_TOP_UL_TSEN.ODT_1.DNDMxDEF:VARIABLE_POOL;Air Shower Top Unload temperature
APA;WZPHxHEAT:Sensor.WHN_PA_TSU_TBL_TSEN.ODT_1.DNDMxDEF:VARIABLE_POOL;APA TSU temperature
APA;WZPHxHEAT:Spg.T.Setpoint.ODT_CONST_VALUE_1.DNDMxDEF:VARIABLE_POOL;AWH Heater temperature setpoint
APA;WZPHxHEAT:Ctrl.T.FB.PID_lp.ODT_PID_OUT.DNDMxDEF:VARIABLE_POOL;AWH Heater controller output
APA;WZPHxHEAT:Ctrl.T.FB.ChkError.ODT_FLT_POS_ERROR.DNDMxDEF:VARIABLE_POOL;AWH Heater controller error
APA;DV_wafhnd:WHN_HMAN_AMP_EN@M_TRACE_VALUE_OUT.DNDMxDEF:VARIABLE_POOL;AWH Heater amplifier status
ALR;WXRBxALR:MeasSys.Kinematics.ODT_POS_PHI.DNDMxDEF:VARIABLE_POOL;ALR measured Phi position
ALR;WXRBxALR:MeasSys.Kinematics.ODT_POS_R.DNDMxDEF:VARIABLE_POOL;ALR measured R position
ALR;WXRBxALR:MeasSys.TransRatioZ.ODT_1.DNDMxDEF:VARIABLE_POOL;ALR measured Z position
ALR;WXRBxALR:Spg.Kinematics.ODT_POS_PHI.DNDMxDEF:VARIABLE_POOL;ALR Phi setpoint
ALR;WXRBxALR:Spg.Kinematics.ODT_POS_R.DNDMxDEF:VARIABLE_POOL;ALR R setpoint
ALR;WXRBxALR:Spg.Z.Select.ODT_POS.DNDMxDEF:VARIABLE_POOL;ALR Z setpoint
ALR;WXRBxALR:Ctrl.Hor.FF.SumFFTh1.ODT_1.DNDMxDEF:VARIABLE_POOL;ALR Theta 1 controller output
ALR;WXRBxALR:Ctrl.Hor.FF.SumFFTh2.ODT_1.DNDMxDEF:VARIABLE_POOL;ALR Theta 2 controller output
ALR;WXRBxALR:Ctrl.Ver.FF.SumFF.ODT_1.DNDMxDEF:VARIABLE_POOL;ALR Z controller output
ALR;WXRBxALR:MeasSys.TransRatioTh1.ODT_1.DNDMxDEF:VARIABLE_POOL;ALR measured Theta 1 position
ALR;WXRBxALR:MeasSys.TransRatioTh2.ODT_1.DNDMxDEF:VARIABLE_POOL;ALR measured Theta 2 position
ALR;WXRBxALR:Spg.Th1.Select.ODT_POS.DNDMxDEF:VARIABLE_POOL;ALR Theta 1 position setpoint
ALR;WXRBxALR:Spg.Th2.Select.ODT_POS.DNDMxDEF:VARIABLE_POOL;ALR Theta 2 position setpoint
ALR;CG_wafhnd:EA_WHN_Z_BRAKE_OFF.APP_CHAN.LR_Z_BRAKE_OFF_BRK.DNDMxDEF:VARIABLE_POOL;ALR Z brake signal
ALR;CG_wafhnd:EA_WHN_BB_LR_CSR.APP_CHAN.OUTER_MOTOR_PHASE_ANGLE.DNDMxDEF:VARIABLE_POOL;ALR brake box theta1 (needs to checked if this correct)
ALR;CG_wafhnd:EA_WHN_BB_LR_CSR.APP_CHAN.OUTER_MOTOR_PHASE_ANGLE_SETPOINT.DNDMxDEF:VARIABLE_POOL;ALR brake box theta1 setpoint (needs to checked if this correct)
ALR;CG_wafhnd:EA_WHN_BB_LR_CSR.APP_CHAN.INNER_MOTOR_PHASE_ANGLE.DNDMxDEF:VARIABLE_POOL;ALR brake box theta2 (needs to checked if this correct)
ALR;CG_wafhnd:EA_WHN_BB_LR_CSR.APP_CHAN.INNER_MOTOR_PHASE_ANGLE_SETPOINT.DNDMxDEF:VARIABLE_POOL;ALR brake box theta2 setpoint needs to checked if this correct)
ALR;CG_wafhnd:EA_WHN_BB_LR_CSR.APP_CHAN.INNER_MOTOR_IPHASE_R.DNDMxDEF:VARIABLE_POOL;ALR inner motor brake box current phase R 
ALR;CG_wafhnd:EA_WHN_BB_LR_CSR.APP_CHAN.INNER_MOTOR_IPHASE_S.DNDMxDEF:VARIABLE_POOL;ALR inner motor brake box current phase S 
ALR;CG_wafhnd:EA_WHN_BB_LR_CSR.APP_CHAN.INNER_MOTOR_IPHASE_T.DNDMxDEF:VARIABLE_POOL;ALR inner motor brake box current phase T 
ALR;CG_wafhnd:EA_WHN_BB_LR_CSR.APP_CHAN.OUTER_MOTOR_IPHASE_R.DNDMxDEF:VARIABLE_POOL;ALR outer motor brake box current phase R 
ALR;CG_wafhnd:EA_WHN_BB_LR_CSR.APP_CHAN.OUTER_MOTOR_IPHASE_S.DNDMxDEF:VARIABLE_POOL;ALR outer motor brake box current phase S 
ALR;CG_wafhnd:EA_WHN_BB_LR_CSR.APP_CHAN.OUTER_MOTOR_IPHASE_T.DNDMxDEF:VARIABLE_POOL;ALR outer motor brake box current phase T 
ALR;CG_wafhnd:EA_WHN_VAC_PRESS.APP_CHAN.LR_GRIP_VAC_PSEN_WAFER_CLAMPED.DNDMxDEF:VARIABLE_POOL;ALR wafer clamped signal
ALR;CG_wafhnd:EA_WHN_VAC_PRESS.APP_CHAN.LR_GRIP_VAC_PSEN_WAFER_PRESENT.DNDMxDEF:VARIABLE_POOL;ALR wafer present signal
ALR;WZCLxALR_PSENE:Sensor.WHN_XR_GRIP_VAC_PSEN.DV.M_MON_OFFSET_GAIN_CORR.DNDMxDEF:VARIABLE_POOL;ALR gripper vacuum pressure
ALR;WZCLxAUR_PSENE:Sensor.WHN_XR_GRIP_VAC_PSEN.ODT_1.DNDMxDEF:VARIABLE_POOL;ALR gripper vacuum status (for wafer presence)
ALR;WXRBxALR:Sensor.Hor.WHN_XR_BODY_INNR_ENC.ODT_1.DNDMxDEF:VARIABLE_POOL;ALR inner axis encoder position
ALR;WXRBxALR:Sensor.Hor.WHN_XR_BODY_OUTR_ENC.ODT_1.DNDMxDEF:VARIABLE_POOL;ALR outer axis encoder position
ALR;WXRBxAUR:Sensor.Ver.WHN_XR_BODY_Z_ENC.ODT_1.DNDMxDEF:VARIABLE_POOL;ALR Z axis encoder position
ALR;WZCLxAUR_PSENE:Sensor.WHN_XR_GRIP_VAC_PSEN.DV.M_OUTPUT.DNDMxDEF:VARIABLE_POOL;ALR gripper vacuum pressure analog value
ALR;DV_wafhnd:WHN_UR_WRIST_Z_CAL_VSO@M_OUTPUT.DNDMxDEF:VARIABLE_POOL;ALR wrist Rz calibration sensor analog value
ALR;DV_wafhnd:WHN_LR_WRIST_Z_CAL_VSO@M_OUTPUT.DNDMxDEF:VARIABLE_POOL;ALR wrist Z Calibration sensor signal
ALR;DV_wafhnd:WHN_LR_BODY_Z_HOME_PROX@M_OUTPUT.DNDMxDEF:VARIABLE_POOL;ALR Homing Z-sensor
